{"cameraMode":{"drawMode":0,"name":"Shaded","section":"Shading Mode"},"sceneLighting":true,"audioPlay":false,"sceneViewState":{"showFog":true,"showMaterialUpdate":false,"showSkybox":true,"showFlares":true,"showImageEffects":true,"showParticleSystems":true},"in2DMode":false,"pivot":{"x":-31.828937530517579,"y":11.965042114257813,"z":-5.159199237823486},"rotation":{"x":-0.02846607193350792,"y":-0.6828722953796387,"z":0.02664601430296898,"w":-0.7294965386390686},"size":8.218328475952149,"orthographic":false}