{"cameraMode":{"drawMode":0,"name":"Shaded","section":"Shading Mode"},"sceneLighting":true,"audioPlay":false,"sceneViewState":{"showFog":true,"showMaterialUpdate":true,"showSkybox":true,"showFlares":true,"showImageEffects":true,"showParticleSystems":true},"in2DMode":false,"pivot":{"x":4.63295316696167,"y":7.452592372894287,"z":-18.990558624267579},"rotation":{"x":-0.14648205041885377,"y":-0.0019765764009207489,"z":0.0002939036348834634,"w":-0.9892113208770752},"size":4.724826812744141,"orthographic":false}