{"cameraMode":{"drawMode":0,"name":"Shaded","section":"Shading Mode"},"sceneLighting":false,"audioPlay":false,"sceneViewState":{"showFog":true,"showMaterialUpdate":false,"showSkybox":true,"showFlares":true,"showImageEffects":true,"showParticleSystems":true},"in2DMode":false,"pivot":{"x":0.5041168928146362,"y":0.8432497978210449,"z":-0.15247094631195069},"rotation":{"x":-0.0689471960067749,"y":-0.008681702427566052,"z":0.0005999134737066925,"w":-0.9975823760032654},"size":4.651167392730713,"orthographic":false}